SBP, RR
119.475, 0.821693333333
118.834, 0.792393333333
117.98, 0.749625
120.452, 0.929368333333
115.721, 0.8726
115.081, 0.805801666667